{
  "tags": [
    {
      "ID": 1,
      "pose": {
        "translation": {
          "x": 0,
          "y": 0.111125,
          "z": 0.142875
        },
        "rotation": {
          "quaternion": {
            "W": 1.0,
            "X": 0.0,
            "Y": 0.0,
            "Z": 0.0
          }
        }
      }
    },
    {
      "ID": 2,
      "pose": {
        "translation": {
          "x": 0,
          "y": 0.936625,
          "z": 0.041275
        },
        "rotation": {
          "quaternion": {
            "W": 1.0,
            "X": 0.0,
            "Y": 0.0,
            "Z": 0.0
          }
        }
      }
    },
    {
      "ID": 3,
      "pose": {
        "translation": {
          "x": 0.3429,
          "y": 0,
          "z": 0.4699
        },
        "rotation": {
          "quaternion": {
            "W": 0.7071067811865476,
            "X": 0.0,
            "Y": 0.0,
            "Z": 0.7071067811865476
          }
        }
      }
    },
    {
      "ID": 4,
      "pose": {
        "translation": {
          "x": 0.949325,
          "y": 0,
          "z": 0.4699
        },
        "rotation": {
          "quaternion": {
            "W": 0.7071067811865476,
            "X": 0.0,
            "Y": 0.0,
            "Z": 0.7071067811865476
          }
        }
      }
    }
  ],
  "field": {
    "length": 20,
    "width": 10
  }
}
